[
  {
    "Имя": "Ангел",
    "Варианты": [
      {
        "Имя": "Ангел",
        "Накопление радиации": 100.0,
        "Защита от ударов": 1,
        "Защита от аномалий": 1,
        "Защита от пуль": 1,
        "Кровь": -100,
        "Здоровье": -1,
        "Вода": 34.0,
        "Еда": 34.0,
        "Тир": 1,
		"images":["images/artefact/angel.jpg"]
      },
      {
        "Имя": "Ангел",
        "Накопление радиации": 85.0,
        "Защита от ударов": "1,5",
        "Защита от аномалий": "1,5",
        "Защита от пуль": "1,5",
        "Кровь": -80,
        "Здоровье": -0.7,
        "Вода": 50.0,
        "Еда": 50.0,
        "Тир": 2,
		"images":["images/artefact/angel.jpg"]
      },
      {
        "Имя": "Ангел",
        "Накопление радиации": 50.0,
        "Защита от ударов": 2,
        "Защита от аномалий": 2,
        "Защита от пуль": 2,
        "Кровь": -50,
        "Здоровье": -0.5,
        "Вода": 90.0,
        "Еда": 90.0,
        "Тир": 3,
		"images":["images/artefact/angel.jpg"]
      },
      {
        "Имя": "Ангел",
        "Накопление радиации": 25.0,
        "Защита от ударов": 5,
        "Защита от аномалий": 5,
        "Защита от пуль": 5,
        "Кровь": -20,
        "Здоровье": -0.2,
        "Вода": 180.0,
        "Еда": 180.0,
        "Тир": 4,
		"images":["images/artefact/angel.jpg"]
      }
    ]
  },
  {
    "Имя": "Батарейка",
    "Варианты": [
      {
        "Имя": "Батарейка",
        "Накопление радиации": 50.0,
        "Защита от аномалий": -2,
        "Температура": -50.0,
        "Выносливость": 30.0,
        "Стойкость": -50.0,
        "Тир": 1,
		"images":["images/artefact/batar.jpg"]
      },
      {
        "Имя": "Батарейка",
        "Накопление радиации": 45.0,
        "Защита от аномалий": -2,
        "Температура": -50.0,
        "Выносливость": 45.0,
        "Стойкость": -30.0,
        "Тир": 2,
		"images":["images/artefact/batar.jpg"]
      },
      {
        "Имя": "Батарейка",
        "Накопление радиации": 40.0,
        "Защита от аномалий": -2,
        "Температура": -50.0,
        "Выносливость": 60.0,
        "Стойкость": -15.0,
        "Тир": 3,
		"images":["images/artefact/batar.jpg"]
      },
      {
        "Имя": "Батарейка",
        "Накопление радиации": 20.0,
        "Защита от аномалий": -2,
        "Температура": -70.0,
        "Выносливость": 100.0,
        "Стойкость": -5.0,
        "Тир": 4,
		"images":["images/artefact/batar.jpg"]
      }
    ]
  },
  {
    "Имя": "Вспышка",
    "Варианты": [
      {
        "Имя": "Вспышка",
        "Накопление радиации": 40.0,
        "Выносливость": 25.0,
        "Стойкость": -36.0,
        "Тир": 1,
		"images":["images/artefact/vspiska.jpg"]
      },
      {
        "Имя": "Вспышка",
        "Накопление радиации": 35.0,
        "Выносливость": 35.0,
        "Стойкость": -25.0,
        "Тир": 2,
		"images":["images/artefact/vspiska.jpg"]
      },
      {
        "Имя": "Вспышка",
        "Накопление радиации": 30.0,
        "Выносливость": 45.0,
        "Стойкость": -15.0,
        "Тир": 3,
		"images":["images/artefact/vspiska.jpg"]
      },
      {
        "Имя": "Вспышка",
        "Накопление радиации": 15.0,
        "Температура": -50.0,
        "Выносливость": 90.0,
        "Стойкость": -9.0,
        "Тир": 4,
		"images":["images/artefact/vspiska.jpg"]
      }
    ]
  },
  {
    "Имя": "Выверт",
    "Варианты": [
      {
        "Имя": "Выверт",
        "Вывод радиации": 56.0,
        "Выносливость": -10.0,
        "Еда": -20.0,
        "Высота прыжка": 1,
        "Тир": 1,
		"images":["images/artefact/vivert.jpg"]
      },
      {
        "Имя": "Выверт",
        "Вывод радиации": 65.0,
        "Выносливость": -10.0,
        "Еда": -15.0,
        "Высота прыжка": "1,5",
        "Тир": 2,
		"images":["images/artefact/vivert.jpg"]
      },
      {
        "Имя": "Выверт",
        "Вывод радиации": 75.0,
        "Выносливость": -10.0,
        "Еда": -10.0,
        "Высота прыжка": 2,
        "Тир": 3,
		"images":["images/artefact/vivert.jpg"]
      },
      {
        "Имя": "Выверт",
        "Вывод радиации": 150.0,
        "Защита от пуль": -2,
        "Еда": -5.0,
        "Высота прыжка": 4,
        "Тир": 4,
		"images":["images/artefact/vivert.jpg"]
      }
    ]
  },
  {
    "Имя": "Генератор",
    "Варианты": [
      {
        "Имя": "Генератор",
        "Накопление радиации": 20.0,
        "Защита от аномалий": -1,
        "Выносливость": 15.0,
        "Стойкость": -10.0,
        "Тир": 1,
		"images":["images/artefact/generator.jpg"]
      },
      {
        "Имя": "Генератор",
        "Накопление радиации": 20.0,
        "Защита от аномалий": -1.5,
        "Выносливость": 25.0,
        "Стойкость": -10.0,
        "Тир": 2,
		"images":["images/artefact/generator.jpg"]
      },
      {
        "Имя": "Генератор",
        "Накопление радиации": 20.0,
        "Защита от аномалий": -2,
        "Выносливость": 30.0,
        "Стойкость": -10.0,
        "Тир": 3,
		"images":["images/artefact/generator.jpg"]
      },
      {
        "Имя": "Генератор",
        "Накопление радиации": 10.0,
        "Защита от аномалий": -2,
        "Температура": -40.0,
        "Выносливость": 60.0,
        "Стойкость": -5.0,
        "Тир": 4,
		"images":["images/artefact/generator.jpg"]
      }
    ]
  },
  {
    "Имя": "Гимлет",
    "Варианты": [
      {
        "Имя": "Гимлет",
        "Накопление радиации": 30.0,
        "Кровь": -150,
        "Здоровье": -2.5,
        "Высота прыжка": 2,
        "Тир": 1,
		"images":["images/artefact/gimlet.jpg"]
      },
      {
        "Имя": "Гимлет",
        "Накопление радиации": 30.0,
        "Кровь": -100,
        "Здоровье": -2,
        "Высота прыжка": 3,
        "Тир": 2,
		"images":["images/artefact/gimlet.jpg"]
      },
      {
        "Имя": "Гимлет",
        "Накопление радиации": 30.0,
        "Кровь": -50,
        "Здоровье": -1,
        "Высота прыжка": 4.5,
        "Тир": 3,
		"images":["images/artefact/gimlet.jpg"]
      },
      {
        "Имя": "Гимлет",
        "Накопление радиации": 15.0,
        "Защита от ударов": 4,
        "Защита от пуль": -1,
        "Кровь": -20,
        "Здоровье": -0.5,
        "Высота прыжка": 8,
        "Тир": 4,
		"images":["images/artefact/gimlet.jpg"]
      }
    ]
  },
  {
    "Имя": "Глаз",
    "Варианты": [
      {
        "Имя": "Глаз",
        "Накопление радиации": 20.0,
        "Защита от ударов": 1,
        "Защита от пуль": 1,
        "Здоровье": -1.5,
        "Шанс на порез": 20.0,
        "Тир": 1,
		"images":["images/artefact/glas.jpg"]
      },
      {
        "Имя": "Глаз",
        "Накопление радиации": 30.0,
        "Защита от ударов": 1.5,
        "Защита от пуль": 1.5,
        "Здоровье": -1,
        "Шанс на порез": 15.0,
        "Тир": 2,
		"images":["images/artefact/glas.jpg"]
      },
      {
        "Имя": "Глаз",
        "Накопление радиации": 35.0,
        "Защита от ударов": 2,
        "Защита от пуль": 2,
        "Здоровье": -0.7,
        "Шанс на порез": 5.0,
        "Тир": 3,
		"images":["images/artefact/glas.jpg"]
      },
      {
        "Имя": "Глаз",
        "Накопление радиации": 25.0,
        "Защита от ударов": 4,
        "Защита от пуль": 4,
        "Здоровье": -0.4,
        "Шанс на порез": 2.0,
        "Тир": 4,
		"images":["images/artefact/glas.jpg"]
      }
    ]
  },
  {
    "Имя": "Грави",
    "Варианты": [
      {
        "Имя": "Грави",
        "Накопление радиации": 40.0,
        "Выносливость": 10.0,
        "Стойкость": -10.0,
        "Шанс перелома": 10.0,
        "Высота прыжка": 2,
        "Тир": 1,
		"images":["images/artefact/gravi.jpg"]
      },
      {
        "Имя": "Грави",
        "Накопление радиации": 40.0,
        "Выносливость": 15.0,
        "Шанс перелома": 10.0,
        "Высота прыжка": 3,
        "Тир": 2,
		"images":["images/artefact/gravi.jpg"]
      },
      {
        "Имя": "Грави",
        "Накопление радиации": 40.0,
        "Выносливость": 25.0,
        "Шанс перелома": 10.0,
        "Высота прыжка": 4,
        "Тир": 3,
		"images":["images/artefact/gravi.jpg"]
      },
      {
        "Имя": "Грави",
        "Накопление радиации": 20.0,
        "Защита от пуль": -2,
        "Температура": 30.0,
        "Выносливость": 40.0,
        "Шанс перелома": 10.0,
        "Высота прыжка": 6,
        "Тир": 4,
		"images":["images/artefact/gravi.jpg"]
      }
    ]
  },
  {
    "Имя": "Душа",
    "Варианты": [
      {
        "Имя": "Душа",
        "Накопление радиации": 30.0,
        "Защита от пуль": 1,
        "Выносливость": -15.0,
        "Здоровье": 2,
        "Еда": -35.0,
        "Тир": 1,
		"images":["images/artefact/dusha.jpg"]
      },
      {
        "Имя": "Душа",
        "Накопление радиации": 30.0,
        "Защита от пуль": 2,
        "Выносливость": -10.0,
        "Здоровье": 2.5,
        "Еда": -30.0,
        "Тир": 2,
		"images":["images/artefact/dusha.jpg"]
      },
      {
        "Имя": "Душа",
        "Накопление радиации": 30.0,
        "Защита от пуль": 3,
        "Выносливость": -5.0,
        "Здоровье": 3.3,
        "Еда": -30.0,
        "Тир": 3,
		"images":["images/artefact/dusha.jpg"]
      },
      {
        "Имя": "Душа",
        "Накопление радиации": 15.0,
        "Защита от пуль": 6,
        "Здоровье": 4.2,
        "Еда": -25.0,
        "Тир": 4,
		"images":["images/artefact/dusha.jpg"]
      }
    ]
  },
  {
    "Имя": "Золотая рыбка",
    "Варианты": [
      {
        "Имя": "Золотая рыбка",
        "Накопление радиации": 200.0,
        "Защита от ударов": -3,
        "Защита от аномалий": -3,
        "Защита от пуль": -3,
        "Кровь": 100,
        "Здоровье": 1,
        "Вода": 20.0,
        "Еда": 20.0,
        "Высота прыжка": -2,
        "Тир": 1,
		"images":["images/artefact/goldfish.jpg"]
      },
      {
        "Имя": "Золотая рыбка",
        "Накопление радиации": 150.0,
        "Защита от ударов": -7,
        "Защита от аномалий": -7,
        "Защита от пуль": -7,
        "Кровь": 120,
        "Здоровье": 1.5,
        "Вода": 30.0,
        "Еда": 30.0,
        "Высота прыжка": -1.8,
        "Тир": 2,
		"images":["images/artefact/goldfish.jpg"]
      },
      {
        "Имя": "Золотая рыбка",
        "Накопление радиации": 120.0,
        "Защита от ударов": -10,
        "Защита от аномалий": -10,
        "Защита от пуль": -10,
        "Кровь": 150,
        "Здоровье": 2,
        "Вода": 50.0,
        "Еда": 50.0,
        "Высота прыжка": -1.5,
        "Тир": 3,
		"images":["images/artefact/goldfish.jpg"]
      },
      {
        "Имя": "Золотая рыбка",
        "Накопление радиации": 80.0,
        "Защита от ударов": -12,
        "Защита от аномалий": -12,
        "Защита от пуль": -12,
        "Кровь": 300,
        "Здоровье": 4,
        "Вода": 100.0,
        "Еда": 100.0,
        "Высота прыжка": 0,
        "Тир": 4,
		"images":["images/artefact/goldfish.jpg"]
      }
    ]
  },
  {
    "Имя": "Изолятор",
    "Варианты": [
      {
        "Имя": "Изолятор",
        "Накопление радиации": 30.0,
        "Защита от аномалий": 3,
        "Стойкость": -70.0,
        "Тир": 1,
		"images":["images/artefact/izolator.jpg"]
      },
      {
        "Имя": "Изолятор",
        "Накопление радиации": 30.0,
        "Защита от аномалий": 4,
        "Стойкость": -50.0,
        "Тир": 2,
		"images":["images/artefact/izolator.jpg"]
      },
      {
        "Имя": "Изолятор",
        "Накопление радиации": 30.0,
        "Защита от аномалий": 7,
        "Стойкость": -30.0,
        "Тир": 3,
		"images":["images/artefact/izolator.jpg"]
      },
      {
        "Имя": "Изолятор",
        "Накопление радиации": 15.0,
        "Защита от аномалий": 15,
        "Стойкость": -15.0,
        "Тир": 4,
		"images":["images/artefact/izolator.jpg"]
      }
    ]
  },
  {
    "Имя": "Каменный цветок",
    "Варианты": [
      {
        "Имя": "Каменный цветок",
        "Накопление радиации": 40.0,
        "Вода": -50.0,
        "Еда": -50.0,
        "Лечение переломов": 35.0,
        "Тир": 1,
		"images":["images/artefact/stoun.jpg"]
      },
      {
        "Имя": "Каменный цветок",
        "Накопление радиации": 40.0,
        "Вода": -40.0,
        "Еда": -40.0,
        "Лечение переломов": 45.0,
        "Тир": 2,
		"images":["images/artefact/stoun.jpg"]
      },
      {
        "Имя": "Каменный цветок",
        "Накопление радиации": 40.0,
        "Вода": -30.0,
        "Еда": -30.0,
        "Лечение переломов": 60.0,
        "Тир": 3,
		"images":["images/artefact/stoun.jpg"]
      },
      {
        "Имя": "Каменный цветок",
        "Накопление радиации": 25.0,
        "Стойкость": 20.0,
        "Вода": -25.0,
        "Еда": -25.0,
        "Лечение переломов": 100.0,
        "Тир": 4,
		"images":["images/artefact/stoun.jpg"]
      }
    ]
  },
  {
    "Имя": "Колобок",
    "Варианты": [
      {
        "Имя": "Колобок",
        "Накопление радиации": 20.0,
        "Температура": 54.0,
        "Кровь": -100,
        "Выносливость": 10.0,
        "Здоровье": 2,
        "Шанс на порез": 5.0,
        "Тир": 1,
		"images":["images/artefact/kolobok.jpg"]
      },
      {
        "Имя": "Колобок",
        "Накопление радиации": 20.0,
        "Кровь": -80,
        "Выносливость": 15.0,
        "Здоровье": 3,
        "Шанс на порез": 5.0,
        "Тир": 2,
		"images":["images/artefact/kolobok.jpg"]
      },
      {
        "Имя": "Колобок",
        "Накопление радиации": 20.0,
        "Кровь": -60,
        "Выносливость": 20.0,
        "Здоровье": 4,
        "Шанс на порез": 5.0,
        "Тир": 3,
		"images":["images/artefact/kolobok.jpg"]
      },
      {
        "Имя": "Колобок",
        "Накопление радиации": 10.0,
        "Кровь": -40,
        "Выносливость": 40.0,
        "Здоровье": 6,
        "Вода": 30.0,
        "Еда": 30.0,
        "Шанс на порез": 4.0,
        "Тир": 4,
		"images":["images/artefact/kolobok.jpg"]
      }
    ]
  },
  {
    "Имя": "Компас",
    "Варианты": [
      {
        "Имя": "Компас",
        "Накопление радиации": 40.0,
        "Защита от аномалий": 3,
        "Температура": 60.0,
        "Здоровье": -1,
        "Тир": 1,
		"images":["images/artefact/mish.jpg"]
      },
      {
        "Имя": "Компас",
        "Накопление радиации": 40.0,
        "Защита от аномалий": 4,
        "Температура": 50.0,
        "Здоровье": -0.6,
        "Тир": 2,
		"images":["images/artefact/kompas.jpg"]
      },
      {
        "Имя": "Компас",
        "Накопление радиации": 35.0,
        "Защита от аномалий": 5,
        "Температура": 40.0,
        "Здоровье": -0.4,
        "Тир": 3,
		"images":["images/artefact/kompas.jpg"]
      },
      {
        "Имя": "Компас",
        "Накопление радиации": 45.0,
        "Защита от аномалий": 10,
        "Температура": 30.0,
        "Стойкость": -15.0,
        "Здоровье": -0.2,
        "Вода": 30.0,
        "Еда": 30.0,
        "Тир": 4,
		"images":["images/artefact/kompas.jpg"]
      }
    ]
  },
  {
    "Имя": "Кристалл",
    "Варианты": [
      {
        "Имя": "Кристалл",
        "Вывод радиации": 90.0,
        "Защита от ударов": -2,
        "Защита от аномалий": -2,
        "Защита от пуль": -2,
        "Температура": 50.0,
        "Тир": 1,
		"images":["images/artefact/kristall.jpg"]
      },
      {
        "Имя": "Кристалл",
        "Вывод радиации": 100.0,
        "Защита от ударов": -2,
        "Защита от аномалий": -2,
        "Защита от пуль": -2,
        "Температура": 50.0,
        "Тир": 2,
		"images":["images/artefact/kristall.jpg"]
      },
      {
        "Имя": "Кристалл",
        "Вывод радиации": 130.0,
        "Защита от ударов": -1,
        "Защита от аномалий": -1,
        "Защита от пуль": -1,
        "Температура": 50.0,
        "Тир": 3,
		"images":["images/artefact/kristall.jpg"]
      },
      {
        "Имя": "Кристалл",
        "Вывод радиации": 250.0,
        "Защита от ударов": -1,
        "Защита от аномалий": -1,
        "Защита от пуль": -1,
        "Температура": 40.0,
        "Тир": 4,
		"images":["images/artefact/kristall.jpg"]
      }
    ]
  },
  {
    "Имя": "Кровь камня",
    "Варианты": [
      {
        "Имя": "Кровь камня",
        "Накопление радиации": 35.0,
        "Защита от ударов": -2,
        "Кровь": 120,
        "Вода": -20.0,
        "Тир": 1,
		"images":["images/artefact/blood.jpg"]
      },
      {
        "Имя": "Кровь камня",
        "Накопление радиации": 35.0,
        "Защита от ударов": -2,
        "Кровь": 150,
        "Вода": -25.0,
        "Тир": 2,
		"images":["images/artefact/blood.jpg"]
      },
      {
        "Имя": "Кровь камня",
        "Накопление радиации": 25.0,
        "Защита от ударов": -3,
        "Кровь": 170,
        "Вода": -25.0,
        "Тир": 3,
		"images":["images/artefact/blood.jpg"]
      },
      {
        "Имя": "Кровь камня",
        "Накопление радиации": 20.0,
        "Защита от ударов": -2,
        "Кровь": 250,
        "Вода": -40.0,
        "Тир": 4,
		"images":["images/artefact/blood.jpg"]
      }
    ]
  },
  {
    "Имя": "Летучая мышь",
    "Варианты": [
      {
        "Имя": "Летучая мышь",
        "Накопление радиации": 50.0,
        "Выносливость": -20.0,
        "Стойкость": -40.0,
        "Лечение порезов": 20.0,
        "Высота прыжка": 2,
        "Тир": 1,
		"images":["images/artefact/mish.jpg"]
      },
      {
        "Имя": "Летучая мышь",
        "Накопление радиации": 50.0,
        "Выносливость": -15.0,
        "Лечение порезов": 30.0,
        "Высота прыжка": 2.5,
        "Тир": 2,
		"images":["images/artefact/mish.jpg"]
      },
      {
        "Имя": "Летучая мышь",
        "Накопление радиации": 50.0,
        "Выносливость": -10.0,
        "Лечение порезов": 45.0,
        "Высота прыжка": 3,
        "Тир": 3,
		"images":["images/artefact/mish.jpg"]
      },
      {
        "Имя": "Летучая мышь",
        "Накопление радиации": 30.0,
        "Выносливость": -5.0,
        "Лечение порезов": 80.0,
        "Высота прыжка": 5,
        "Тир": 4,
		"images":["images/artefact/mish.jpg"]
      }
    ]
  },
  {
    "Имя": "Ломоть мяса",
    "Варианты": [
      {
        "Имя": "Ломоть мяса",
        "Накопление радиации": 30.0,
        "Выносливость": -15.0,
        "Здоровье": 2,
        "Еда": -20.0,
        "Тир": 1,
		"images":["images/artefact/lomot.jpg"]
      },
      {
        "Имя": "Ломоть мяса",
        "Накопление радиации": 35.0,
        "Выносливость": -15.0,
        "Здоровье": 3,
        "Еда": -30.0,
        "Тир": 2,
		"images":["images/artefact/lomot.jpg"]
      },
      {
        "Имя": "Ломоть мяса",
        "Накопление радиации": 30.0,
        "Выносливость": -15.0,
        "Здоровье": 4,
        "Еда": -40.0,
        "Тир": 3,
		"images":["images/artefact/lomot.jpg"]
      },
      {
        "Имя": "Ломоть мяса",
        "Накопление радиации": 20.0,
        "Защита от пуль": -1,
        "Здоровье": 6,
        "Вода": -50.0,
        "Еда": 50.0,
        "Тир": 4,
		"images":["images/artefact/lomot.jpg"]
      }
    ]
  },
  {
    "Имя": "Лунный свет",
    "Варианты": [
      {
        "Имя": "Лунный свет",
        "Накопление радиации": 50.0,
        "Защита от ударов": -1,
        "Кровь": 140,
        "Вода": -200.0,
        "Лечение порезов": 2.0,
        "Тир": 1,
		"images":["images/artefact/svet.jpg"]
      },
      {
        "Имя": "Лунный свет",
        "Накопление радиации": 40.0,
        "Защита от ударов": -1.5,
        "Кровь": 165,
        "Вода": -160.0,
        "Лечение порезов": 40.0,
        "Тир": 2,
		"images":["images/artefact/svet.jpg"]
      },
      {
        "Имя": "Лунный свет",
        "Накопление радиации": 30.0,
        "Защита от ударов": -2,
        "Кровь": 200,
        "Вода": -140.0,
        "Лечение порезов": 50.0,
        "Тир": 3,
		"images":["images/artefact/svet.jpg"]
      },
      {
        "Имя": "Лунный свет",
        "Накопление радиации": 20.0,
        "Защита от ударов": -1,
        "Кровь": 300,
        "Вода": -70.0,
        "Лечение порезов": 80.0,
        "Тир": 4,
		"images":["images/artefact/svet.jpg"]
      }
    ]
  },
  {
    "Имя": "Мамины бусы",
    "Варианты": [
      {
        "Имя": "Мамины бусы",
        "Накопление радиации": 20.0,
        "Кровь": 100,
        "Выносливость": -10.0,
        "Вода": -16.0,
        "Тир": 1,
		"images":["images/artefact/busa.jpg"]
      },
      {
        "Имя": "Мамины бусы",
        "Накопление радиации": 20.0,
        "Кровь": 115,
        "Выносливость": -15.0,
        "Вода": -10.0,
        "Тир": 2,
		"images":["images/artefact/busa.jpg"]
      },
      {
        "Имя": "Мамины бусы",
        "Накопление радиации": 20.0,
        "Кровь": 125,
        "Выносливость": -15.0,
        "Вода": -10.0,
        "Тир": 3,
		"images":["images/artefact/busa.jpg"]
      },
      {
        "Имя": "Мамины бусы",
        "Накопление радиации": 15.0,
        "Кровь": 180,
        "Выносливость": -10.0,
        "Вода": -35.0,
        "Тир": 4,
		"images":["images/artefact/busa.jpg"]
      }
    ]
  },
  {
    "Имя": "Маяк",
    "Варианты": [
      {
        "Имя": "Маяк",
        "Накопление радиации": 35.0,
        "Защита от ударов": 4,
        "Здоровье": -2.3,
        "Еда": 30.0,
        "Тир": 1,
		"images":["images/artefact/maiak.jpg"]
      },
      {
        "Имя": "Маяк",
        "Накопление радиации": 35.0,
        "Защита от ударов": 3,
        "Здоровье": -2,
        "Еда": 50.0,
        "Тир": 2,
		"images":["images/artefact/maiak.jpg"]
      },
      {
        "Имя": "Маяк",
        "Накопление радиации": 30.0,
        "Защита от ударов": 5,
        "Здоровье": -1,
        "Еда": 80.0,
        "Тир": 3,
		"images":["images/artefact/maiak.jpg"]
      },
      {
        "Имя": "Маяк",
        "Накопление радиации": 20.0,
        "Защита от ударов": 10,
        "Здоровье": -0.5,
        "Вода": -40.0,
        "Еда": 160.0,
        "Тир": 4,
		"images":["images/artefact/maiak.jpg"]
      }
    ]
  },
  {
    "Имя": "Медальон",
    "Варианты": [
      {
        "Имя": "Медальон",
        "Накопление радиации": 60.0,
        "Защита от аномалий": -3,
        "Здоровье": 2.2,
        "Еда": -40.0,
        "Высота прыжка": -1,
        "Тир": 1,
		"images":["images/artefact/medalion.jpg"]
      },
      {
        "Имя": "Медальон",
        "Накопление радиации": 60.0,
        "Защита от аномалий": -2,
        "Здоровье": 2.8,
        "Еда": -40.0,
        "Высота прыжка": -1,
        "Тир": 2,
		"images":["images/artefact/medalion.jpg"]
      },
      {
        "Имя": "Медальон",
        "Накопление радиации": 50.0,
        "Защита от аномалий": -2,
        "Здоровье": 3.5,
        "Еда": -50.0,
        "Высота прыжка": -1,
        "Тир": 3,
		"images":["images/artefact/medalion.jpg"]
      },
      {
        "Имя": "Медальон",
        "Накопление радиации": 30.0,
        "Защита от аномалий": -4,
        "Здоровье": 5,
        "Еда": -30.0,
        "Лечение порезов": 20.0,
        "Тир": 4,
		"images":["images/artefact/medalion.jpg"]
      }
    ]
  },
  {
    "Имя": "Медуза",
    "Варианты": [
      {
        "Имя": "Медуза",
        "Вывод радиации": 48.0,
        "Выносливость": -10.0,
        "Шанс на порез": 10.0,
        "Тир": 1,
		"images":["images/artefact/medusa.jpg"]
      },
      {
        "Имя": "Медуза",
        "Вывод радиации": 68.0,
        "Выносливость": -7.0,
        "Шанс на порез": 10.0,
        "Тир": 2,
		"images":["images/artefact/medusa.jpg"]
      },
      {
        "Имя": "Медуза",
        "Вывод радиации": 80.0,
        "Выносливость": -5.0,
        "Шанс на порез": 10.0,
        "Тир": 3,
		"images":["images/artefact/medusa.jpg"]
      },
      {
        "Имя": "Медуза",
        "Вывод радиации": 160.0,
        "Защита от аномалий": -3,
        "Стойкость": 20.0,
        "Вода": -25.0,
        "Еда": -25.0,
        "Шанс на порез": 5.0,
        "Тир": 4,
		"images":["images/artefact/medusa.jpg"]
      }
    ]
  },
  {
    "Имя": "Ночная звезда",
    "Варианты": [
      {
        "Имя": "Ночная звезда",
        "Накопление радиации": 70.0,
        "Защита от пуль": 1,
        "Температура": 90.0,
        "Здоровье": 3,
        "Шанс на порез": 10.0,
        "Тир": 1,
		"images":["images/artefact/zvezda.jpg"]
      },
      {
        "Имя": "Ночная звезда",
        "Накопление радиации": 60.0,
        "Защита от пуль": 2,
        "Температура": 75.0,
        "Здоровье": 4,
        "Шанс на порез": 10.0,
        "Тир": 2,
		"images":["images/artefact/zvezda.jpg"]
      },
      {
        "Имя": "Ночная звезда",
        "Накопление радиации": 50.0,
        "Защита от пуль": 3.5,
        "Температура": 70.0,
        "Здоровье": 5,
        "Шанс на порез": 10.0,
        "Тир": 3,
		"images":["images/artefact/zvezda.jpg"]
      },
      {
        "Имя": "Ночная звезда",
        "Накопление радиации": 30.0,
        "Защита от аномалий": -2,
        "Защита от пуль": 5,
        "Температура": 50.0,
        "Здоровье": 8,
        "Шанс на порез": 5.0,
        "Тир": 4,
		"images":["images/artefact/zvezda.jpg"]
      }
    ]
  },
  {
    "Имя": "Оазис",
    "Варианты": [
      {
        "Имя": "Оазис",
        "Накопление радиации": 100.0,
        "Защита от ударов": -3,
        "Защита от аномалий": -3,
        "Защита от пуль": -3,
        "Здоровье": 2,
        "Вода": 50.0,
        "Еда": 50.0,
        "Тир": 1,
		"images":["images/artefact/oazis.jpg"]
      },
      {
        "Имя": "Оазис",
        "Накопление радиации": 80.0,
        "Защита от ударов": -1.5,
        "Защита от аномалий": -8,
        "Защита от пуль": -1.5,
        "Здоровье": 3,
        "Вода": 60.0,
        "Еда": 60.0,
        "Тир": 2,
		"images":["images/artefact/oazis.jpg"]
      },
      {
        "Имя": "Оазис",
        "Накопление радиации": 60.0,
        "Защита от ударов": -2,
        "Защита от аномалий": -10,
        "Защита от пуль": -2,
        "Здоровье": 4,
        "Вода": 80.0,
        "Еда": 80.0,
        "Тир": 3,
		"images":["images/artefact/oazis.jpg"]
      },
      {
        "Имя": "Оазис",
        "Накопление радиации": 40.0,
        "Защита от ударов": -1,
        "Защита от аномалий": -15,
        "Защита от пуль": -1,
        "Здоровье": 6,
        "Вода": 120.0,
        "Еда": 120.0,
        "Тир": 4,
		"images":["images/artefact/oazis.jpg"]
      }
    ]
  },
  {
    "Имя": "Перстень",
    "Варианты": [
      {
        "Имя": "Перстень",
        "Накопление радиации": 50.0,
        "Кровь": 80,
        "Выносливость": -10.0,
        "Здоровье": 2,
        "Вода": -30.0,
        "Еда": -30.0,
        "Тир": 1,
		"images":["images/artefact/persten.jpg"]
      },
      {
        "Имя": "Перстень",
        "Накопление радиации": 50.0,
        "Кровь": 100,
        "Выносливость": -10.0,
        "Здоровье": 2.5,
        "Вода": -40.0,
        "Еда": -40.0,
        "Тир": 2,
		"images":["images/artefact/persten.jpg"]
      },
      {
        "Имя": "Перстень",
        "Накопление радиации": 50.0,
        "Кровь": 120,
        "Выносливость": -10.0,
        "Здоровье": 3,
        "Вода": -50.0,
        "Еда": -50.0,
        "Тир": 3,
		"images":["images/artefact/persten.jpg"]
      },
      {
        "Имя": "Перстень",
        "Накопление радиации": 30.0,
        "Кровь": 180,
        "Выносливость": -5.0,
        "Здоровье": 5,
        "Вода": -60.0,
        "Еда": -60.0,
        "Тир": 4,
		"images":["images/artefact/persten.jpg"]
      }
    ]
  },
  {
    "Имя": "Пламя",
    "Варианты": [
      {
        "Имя": "Пламя",
        "Накопление радиации": 40.0,
        "Защита от аномалий": 1,
        "Температура": 60.0,
        "Выносливость": -20.0,
        "Здоровье": 2,
        "Шанс перелома": 20.0,
        "Тир": 1,
		"images":["images/artefact/fire.jpg"]
      },
      {
        "Имя": "Пламя",
        "Накопление радиации": 40.0,
        "Защита от аномалий": 1.5,
        "Температура": 50.0,
        "Выносливость": -15.0,
        "Здоровье": 3,
        "Шанс перелома": 15.0,
        "Тир": 2,
		"images":["images/artefact/fire.jpg"]
      },
      {
        "Имя": "Пламя",
        "Накопление радиации": 40.0,
        "Защита от аномалий": 2,
        "Температура": 45.0,
        "Выносливость": -10.0,
        "Здоровье": 4,
        "Шанс перелома": 5.0,
        "Тир": 3,
		"images":["images/artefact/fire.jpg"]
      },
      {
        "Имя": "Пламя",
        "Накопление радиации": 25.0,
        "Защита от аномалий": 4,
        "Температура": 30.0,
        "Выносливость": -5.0,
        "Здоровье": 6,
        "Шанс перелома": 5.0,
        "Тир": 4,
		"images":["images/artefact/fire.jpg"]
      }
    ]
  },
  {
    "Имя": "Пузырь",
    "Варианты": [
      {
        "Имя": "Пузырь",
        "Вывод радиации": 36.0,
        "Вода": -100.0,
        "Еда": -100.0,
        "Тир": 1,
		"images":["images/artefact/snejinka.jpg"]
      },
      {
        "Имя": "Пузырь",
        "Вывод радиации": 50.0,
        "Вода": -80.0,
        "Еда": -80.0,
        "Тир": 2,
		"images":["images/artefact/snejinka.jpg"]
      },
      {
        "Имя": "Пузырь",
        "Вывод радиации": 70.0,
        "Вода": -50.0,
        "Еда": -50.0,
        "Тир": 3,
		"images":["images/artefact/snejinka.jpg"]
      },
      {
        "Имя": "Пузырь",
        "Вывод радиации": 130.0,
        "Температура": -25.0,
        "Вода": -60.0,
        "Еда": -60.0,
        "Тир": 4,
		"images":["images/artefact/snejinka.jpg"]
      }
    ]
  },
  {
    "Имя": "Пустышка",
    "Варианты": [
      {
        "Имя": "Пустышка",
        "Тир": 1,
		"images":["images/artefact/pusto.jpg"]
      },
      {
        "Имя": "Пустышка",
        "Тир": 2,
		"images":["images/artefact/pusto.jpg"]
      },
      {
        "Имя": "Пустышка",
        "Тир": 3,
		"images":["images/artefact/pusto.jpg"]
      },
      {
        "Имя": "Пустышка",
        "Тир": 4,
		"images":["images/artefact/pusto.jpg"]
      }
    ]
  },
  {
    "Имя": "Серафим",
    "Варианты": [
      {
        "Имя": "Серафим",
        "Накопление радиации": 20.0,
        "Здоровье": 2,
        "Еда": -40.0,
        "Шанс на порез": 20.0,
        "Тир": 1,
		"images":["images/artefact/serafim.jpg"]
      },
      {
        "Имя": "Серафим",
        "Накопление радиации": 30.0,
        "Здоровье": 2.5,
        "Еда": -40.0,
        "Шанс на порез": 15.0,
        "Тир": 2,
		"images":["images/artefact/serafim.jpg"]
      },
      {
        "Имя": "Серафим",
        "Накопление радиации": 30.0,
        "Здоровье": 3.3,
        "Еда": -45.0,
        "Шанс на порез": 10.0,
        "Тир": 3,
		"images":["images/artefact/serafim.jpg"]
      },
      {
        "Имя": "Серафим",
        "Накопление радиации": 15.0,
        "Защита от аномалий": -1,
        "Защита от пуль": 5,
        "Здоровье": 6,
        "Еда": -25.0,
        "Шанс на порез": 5.0,
        "Тир": 4,
		"images":["images/artefact/serafim.jpg"]
      }
    ]
  },
  {
    "Имя": "Снежинка",
    "Варианты": [
      {
        "Имя": "Снежинка",
        "Накопление радиации": 40.0,
        "Защита от ударов": 5,
        "Температура": -70.0,
        "Кровь": -50,
        "Здоровье": -0.5,
        "Вода": 50.0,
        "Еда": 50.0,
        "Тир": 1,
		"images":["images/artefact/snejinka.jpg"]
      },
      {
        "Имя": "Снежинка",
        "Накопление радиации": 40.0,
        "Защита от ударов": 5,
        "Температура": -75.0,
        "Кровь": -40,
        "Здоровье": -0.4,
        "Вода": 65.0,
        "Еда": 65.0,
        "Тир": 2,
		"images":["images/artefact/snejinka.jpg"]
      },
      {
        "Имя": "Снежинка",
        "Накопление радиации": 40.0,
        "Защита от ударов": 6,
        "Температура": -70.0,
        "Кровь": -25,
        "Здоровье": -0.2,
        "Вода": 80.0,
        "Еда": 80.0,
        "Тир": 3,
		"images":["images/artefact/snejinka.jpg"]
      },
      {
        "Имя": "Снежинка",
        "Накопление радиации": 25.0,
        "Защита от ударов": 12,
        "Температура": -50.0,
        "Кровь": -15,
        "Здоровье": -0.1,
        "Вода": 150.0,
        "Еда": 150.0,
        "Тир": 4,
		"images":["images/artefact/snejinka.jpg"]
      }
    ]
  },
  {
    "Имя": "Фантом",
    "Варианты": [
      {
        "Имя": "Фантом",
        "Накопление радиации": 35.0,
        "Стойкость": 10.0,
        "Здоровье": -1,
        "Высота прыжка": 2,
        "Тир": 1,
		"images":["images/artefact/fantom.jpg"]
      },
      {
        "Имя": "Фантом",
        "Накопление радиации": 40.0,
        "Стойкость": 15.0,
        "Здоровье": -0.5,
        "Высота прыжка": 2.5,
        "Тир": 2,
		"images":["images/artefact/fantom.jpg"]
      },
      {
        "Имя": "Фантом",
        "Накопление радиации": 45.0,
        "Стойкость": 25.0,
        "Здоровье": -0.3,
        "Высота прыжка": 3,
        "Тир": 3,
		"images":["images/artefact/fantom.jpg"]
      },
      {
        "Имя": "Фантом",
        "Накопление радиации": 25.0,
        "Защита от пуль": -4,
        "Стойкость": 50.0,
        "Здоровье": -0.1,
        "Высота прыжка": 5,
        "Тир": 4,
		"images":["images/artefact/fantom.jpg"]
      }
    ]
  },
  {
    "Имя": "Фонтан",
    "Варианты": [
      {
        "Имя": "Фонтан",
        "Накопление радиации": 20.0,
        "Защита от ударов": -1,
        "Температура": -30.0,
        "Кровь": -10,
        "Вода": 80.0,
        "Тир": 1,
		"images":["images/artefact/fontan.jpg"]
      },
      {
        "Имя": "Фонтан",
        "Накопление радиации": 20.0,
        "Защита от ударов": -1.5,
        "Температура": -30.0,
        "Кровь": -7.5,
        "Вода": 100.0,
        "Тир": 2,
		"images":["images/artefact/fontan.jpg"]
      },
      {
        "Имя": "Фонтан",
        "Накопление радиации": 20.0,
        "Защита от ударов": -2,
        "Температура": -30.0,
        "Кровь": -5,
        "Вода": 140.0,
        "Тир": 3,
		"images":["images/artefact/fontan.jpg"]
      },
      {
        "Имя": "Фонтан",
        "Накопление радиации": 10.0,
        "Защита от ударов": -1,
        "Защита от пуль": -1,
        "Температура": -40.0,
        "Кровь": -10,
        "Вода": 200.0,
        "Тир": 4,
		"images":["images/artefact/fontan.jpg"]
      }
    ]
  },
  {
    "Имя": "Челюсть",
    "Варианты": [
      {
        "Имя": "Челюсть",
        "Накопление радиации": 40.0,
        "Защита от аномалий": -2,
        "Выносливость": 10.0,
        "Здоровье": 2.5,
        "Шанс перелома": 80.0,
        "Тир": 1,
		"images":["images/artefact/celust.jpg"]
      },
      {
        "Имя": "Челюсть",
        "Накопление радиации": 35.0,
        "Защита от аномалий": -2.5,
        "Выносливость": 20.0,
        "Здоровье": 3,
        "Шанс перелома": 60.0,
        "Тир": 2,
		"images":["images/artefact/celust.jpg"]
      },
      {
        "Имя": "Челюсть",
        "Накопление радиации": 30.0,
        "Защита от аномалий": -4,
        "Выносливость": 30.0,
        "Здоровье": 4,
        "Шанс перелома": 45.0,
        "Тир": 3,
		"images":["images/artefact/celust.jpg"]
      },
      {
        "Имя": "Челюсть",
        "Накопление радиации": 20.0,
        "Защита от аномалий": -2,
        "Выносливость": 50.0,
        "Здоровье": 6,
        "Вода": 50.0,
        "Еда": -50.0,
        "Шанс перелома": 30.0,
        "Тир": 4,
		"images":["images/artefact/celust.jpg"]
      }
    ]
  },
  {
    "Имя": "Череп скряги",
    "Варианты": [
      {
        "Имя": "Череп скряги",
        "Накопление радиации": 20.0,
        "Защита от ударов": -1,
        "Стойкость": 40.0,
        "Здоровье": -2.4,
        "Шанс на порез": 10.0,
        "Лечение переломов": 30.0,
        "Тир": 1,
		"images":["images/artefact/scraga.jpg"]
      },
      {
        "Имя": "Череп скряги",
        "Накопление радиации": 20.0,
        "Защита от ударов": -1.5,
        "Стойкость": 60.0,
        "Здоровье": -2,
        "Шанс на порез": 5.0,
        "Лечение переломов": 40.0,
        "Тир": 2,
		"images":["images/artefact/scraga.jpg"]
      },
      {
        "Имя": "Череп скряги",
        "Накопление радиации": 20.0,
        "Защита от ударов": -2,
        "Стойкость": 75.0,
        "Здоровье": -1,
        "Шанс на порез": 3.0,
        "Лечение переломов": 50.0,
        "Тир": 3,
		"images":["images/artefact/scraga.jpg"]
      },
      {
        "Имя": "Череп скряги",
        "Накопление радиации": 10.0,
        "Защита от ударов": -1,
        "Выносливость": -3.0,
        "Стойкость": 150.0,
        "Здоровье": -0.5,
        "Лечение порезов": 10.0,
        "Лечение переломов": 90.0,
        "Тир": 4,
		"images":["images/artefact/scraga.jpg"]
      }
    ]
  },
  {
    "Имя": "Шар",
    "Варианты": [
      {
        "Имя": "Шар",
        "Накопление радиации": 20.0,
        "Температура": 30.0,
        "Кровь": -30,
        "Здоровье": -2.5,
        "Лечение переломов": 20.0,
        "Тир": 1,
		"images":["images/artefact/firerball.jpg"]
      },
      {
        "Имя": "Шар",
        "Накопление радиации": 30.0,
        "Температура": 60.0,
        "Кровь": -20,
        "Здоровье": -1.5,
        "Лечение переломов": 40.0,
        "Тир": 2,
		"images":["images/artefact/firerball.jpg"]
      },
      {
        "Имя": "Шар",
        "Накопление радиации": 30.0,
        "Температура": 50.0,
        "Кровь": -15,
        "Здоровье": -1,
        "Лечение переломов": 50.0,
        "Тир": 3,
		"images":["images/artefact/firerball.jpg"]
      },
      {
        "Имя": "Шар",
        "Накопление радиации": 20.0,
        "Защита от ударов": 4,
        "Температура": 45.0,
        "Кровь": -10,
        "Здоровье": -0.5,
        "Лечение переломов": 80.0,
        "Тир": 4,
		"images":["images/artefact/firerball.jpg"]
      }
    ]
  },
  {
    "Имя": "Штурвал",
    "Варианты": [
      {
        "Имя": "Штурвал",
        "Накопление радиации": 50.0,
        "Выносливость": 20.0,
        "Стойкость": -40.0,
        "Шанс на порез": 10.0,
        "Тир": 1,
		"images":["images/artefact/shturval.jpg"]
      },
      {
        "Имя": "Штурвал",
        "Накопление радиации": 45.0,
        "Выносливость": 30.0,
        "Стойкость": -35.0,
        "Шанс на порез": 15.0,
        "Тир": 2,
		"images":["images/artefact/shturval.jpg"]
      },
      {
        "Имя": "Штурвал",
        "Накопление радиации": 40.0,
        "Выносливость": 45.0,
        "Стойкость": -27.0,
        "Шанс на порез": 10.0,
        "Тир": 3,
		"images":["images/artefact/shturval.jpg"]
      },
      {
        "Имя": "Штурвал",
        "Накопление радиации": 25.0,
        "Выносливость": 80.0,
        "Стойкость": -13.0,
        "Шанс на порез": 3.0,
        "Тир": 4,
		"images":["images/artefact/shturval.jpg"]
      }
    ]
  }
]